aws_bin,upwind_angle,upwind_vmg,upwind_speed,downwind_angle,downwind_vmg,downwind_speed,data_points
0-5,30.0,3.8451527928029083,4.44,95.0,0.44885207515043934,5.1499999999999995,31
10-15,15.0,5.9887401229922235,6.2,170.0,4.82555798975982,4.9,41
15-20,40.0,5.346990212970466,6.9799999999999995,,,,22
20-25,50.0,4.306676984899814,6.7,,,,13
5-10,30.0,5.311622476544557,6.133333333333334,175.0,5.180212430077077,5.2,50
